Blog #,Title,Category,Date,URL Slug,Read Time,Folder,Status
1,How AI Agents Are Transforming Customer Support in 2026,AI Automation,March 20 2026,/blog/how-ai-agents-are-transforming-customer-support-2026,7 min,Blog1/,Published
2,Building Your AI Strategy Roadmap: A Small Business Guide,AI Strategy,March 15 2026,/blog/ai-strategy-roadmap-small-business-guide,8 min,Blog2/,Published
3,5 Signs Your Business Needs AI Automation Right Now,Business Growth,March 10 2026,/blog/signs-your-business-needs-ai-automation,5 min,Blog3/,Published
4,AI for Coaches and Consultants: Scale Your Practice Without Burning Out,Industry Insights,Feb 15 2026,/blog/ai-for-coaches-consultants-scale-practice,6 min,Blog4/,Published
5,The 90-Day AI Roadmap (FEATURED),AI Strategy,Apr 10 2026,/blog/90-day-ai-roadmap-integrate-ai-without-tech-overhaul,8 min,Blog5/,Published
6,Do You Really Need an AI CEO? Here's the Truth About Fractional AI Leadership,AI Strategy,Apr 13 2026,/blog/do-you-really-need-an-ai-ceo-fractional-ai-leadership,9 min,Blog6/,Published
7,How to Automate Your Business Workflows With AI (No Tech Team Required),AI Automation,Apr 16 2026,/blog/ai-workflow-automation-guide-small-business,8 min,Blog7/,Published
8,AI for Real Estate Agents: How to Turn Cold Leads Into Closed Deals,Industry Insights,Apr 17 2026,/blog/ai-for-real-estate-agents-close-more-deals,7 min,Blog8/,Published
9,Why Hiring AI Employees Will Change the Way You Think About Your Org Chart,Business Growth,Apr 22 2026,/blog/ai-employees-org-chart-digital-labor,8 min,Blog9/,Published
10,How to Use AI Lead Generation Automation to Grow Your Coaching Practice,Industry Insights,Apr 24 2026,/blog/ai-lead-generation-automation-coaching-practice,8 min,Blog10/,Published
11,10 Reasons Your AI Workflow Automation Isn't Showing ROI (And How to Fix It),Business Growth,Apr 28 2026,/blog/why-ai-workflow-automation-isnt-showing-roi,10 min,Blog11/,Published
12,Beyond the Lead Factory: Why More Is Your 2026 Revenue Killer,Business Growth,May 13 2026,/blog/beyond-lead-factory-revenue-intelligence-2026,8 min,Blog12/,Published
13,The AI Tech Stack Purge: Consolidate Your 20-App Mess into One AI Brain,AI Strategy,May 14 2026,/blog/ai-tech-stack-consolidation-one-ai-brain,8 min,Blog13/,Published
14,Beyond the Chatbot: Why Your Business Needs an AI Org Chart in 2026,AI Strategy,May 18 2026,/blog/ai-org-chart-ai-employees-teams-2026,8 min,Blog14/,Published
15,The 90-Day AI ROI Framework: A CEO's Guide to Measurable Automation Results,AI Strategy,May 20 2026,/blog/90-day-ai-roi-framework-measurable-automation-results,9 min,Blog15/,Published
16,Ghosting Your Leads? How Agentic Lead Scoring Plugs the $50k Silent Leak,Industry Insights,May 30 2026,/blog/agentic-lead-scoring-silent-revenue-leak-coaches-consultants,8 min,Blog16/,Published
18,AI Cleanup: What Happens When You Automate Too Fast (And How to Fix It),AI Strategy,Jun 9 2026,/blog/ai-automation-too-fast-cleanup-fix-broken-workflows,8 min,Blog18/,Published
19,AI Hiring for Small Business: Screen Smarter Make Better Hires and Onboard Faster in 2026,AI Automation,Jun 12 2026,/blog/ai-hiring-small-business-screen-smarter-onboard-faster,7 min,Blog19/,Published
20,Stop Losing Clients Silently: The AI Retention System That Cuts Churn for Small Businesses in 2026,Business Growth,Jun 16 2026,/blog/ai-client-retention-churn-small-business-2026,8 min,Blog20/,Published
21,Agentic AI for Small Business: What It Is What It Isn't and the 3 Things You Need Before You Deploy,AI Strategy,Jun 19 2026,/blog/agentic-ai-small-business-what-it-is-are-you-ready-2026,8 min,Blog21/,Published
22,You Bought the AI. Your Team Won't Use It. Here's Why — and the Fix.,AI Strategy,Jun 23 2026,/blog/team-wont-use-ai-tools-smb-adoption-gap-2026,8 min,Blog22/,Published
